{"cameraMode":{"drawMode":0,"name":"Shaded","section":"Shading Mode"},"sceneLighting":false,"audioPlay":false,"sceneViewState":{"showFog":false,"showMaterialUpdate":false,"showSkybox":false,"showFlares":false,"showImageEffects":false,"showParticleSystems":false,"showVisualEffectGraphs":false,"m_FxEnabled":true},"in2DMode":false,"pivot":{"x":-0.012336254119873047,"y":0.23125982284545899,"z":0.23015835881233216},"rotation":{"x":-0.08584222942590714,"y":0.8972185850143433,"z":-0.20053356885910035,"w":-0.38398563861846926},"size":0.26857703924179079,"orthographic":false}